{
  "issue": "#1082 Docker Resource State Issues",
  "test_timestamp": "2025-09-15T14:54:00Z",
  "issues_found": [
    "Failed to check file descriptor limits: No module named 'resource'"
  ],
  "test_results": {
    "disk_space": {
      "available_gb": 650.9364356994629,
      "total_gb": 1883.2099571228027,
      "used_gb": 1232.2735214233398,
      "usage_percent": 65.43473906149192
    },
    "memory": {
      "available_gb": 23.360809326171875,
      "total_gb": 63.692081451416016,
      "used_gb": 40.33127212524414,
      "usage_percent": 63.3
    },
    "swap": {
      "total_gb": 11.5,
      "used_gb": 0.22609710693359375,
      "usage_percent": 2.0
    },
    "cache_issues": [],
    "docker_processes": 7
  }
}